[
  {
    "id": "50419ea5-a868-475c-bc91-75e049d5886e",
    "data": [
      {
        "text": "me ",
        "userDefined": false
      },
      {
        "text": "fale",
        "userDefined": false
      },
      {
        "text": " sobre ",
        "userDefined": false
      },
      {
        "text": "entretenimento",
        "userDefined": false
      }
    ],
    "isTemplate": false,
    "count": 0,
    "lang": "pt-br",
    "updated": 0
  },
  {
    "id": "f9e0e833-425e-48f8-97f3-084fd13e3ab5",
    "data": [
      {
        "text": "como passar o tempo",
        "userDefined": false
      }
    ],
    "isTemplate": false,
    "count": 0,
    "lang": "pt-br",
    "updated": 0
  },
  {
    "id": "47582980-a541-4527-90ba-b9ae6f8c6b91",
    "data": [
      {
        "text": "o que temos ",
        "userDefined": false
      },
      {
        "text": "para",
        "userDefined": false
      },
      {
        "text": " se divertir?",
        "userDefined": false
      }
    ],
    "isTemplate": false,
    "count": 0,
    "lang": "pt-br",
    "updated": 0
  },
  {
    "id": "d850e2cf-8ef8-4a4b-a73f-e8c771d4922d",
    "data": [
      {
        "text": "qual ",
        "userDefined": false
      },
      {
        "text": "o lazer",
        "userDefined": false
      },
      {
        "text": " de ",
        "userDefined": false
      },
      {
        "text": "hoje",
        "userDefined": false
      },
      {
        "text": "?",
        "userDefined": false
      }
    ],
    "isTemplate": false,
    "count": 0,
    "lang": "pt-br",
    "updated": 0
  },
  {
    "id": "13ec67a8-2532-4f86-a670-c3aaf5586e9c",
    "data": [
      {
        "text": "entretenimento",
        "userDefined": false
      }
    ],
    "isTemplate": false,
    "count": 0,
    "lang": "pt-br",
    "updated": 0
  }
]