[
  {
    "id": "4c971964-bda9-4a26-a18b-4d854f08f3c7",
    "data": [
      {
        "text": "como estão os famosos ",
        "userDefined": false
      },
      {
        "text": "hoje",
        "userDefined": false
      },
      {
        "text": "?",
        "userDefined": false
      }
    ],
    "isTemplate": false,
    "count": 0,
    "lang": "pt-br",
    "updated": 0
  },
  {
    "id": "6ae71ed9-647c-4d53-9cd6-2ebb9daa1bc6",
    "data": [
      {
        "text": "noticias de famosos",
        "userDefined": false
      }
    ],
    "isTemplate": false,
    "count": 0,
    "lang": "pt-br",
    "updated": 0
  },
  {
    "id": "9e08d7a0-4388-4333-8aa7-2a99a210584c",
    "data": [
      {
        "text": "me ",
        "userDefined": false
      },
      {
        "text": "conte",
        "userDefined": false
      },
      {
        "text": " sobre famosos",
        "userDefined": false
      }
    ],
    "isTemplate": false,
    "count": 0,
    "lang": "pt-br",
    "updated": 0
  },
  {
    "id": "0e321f61-7448-483f-a403-677491618c8e",
    "data": [
      {
        "text": "famosos",
        "userDefined": false
      }
    ],
    "isTemplate": false,
    "count": 0,
    "lang": "pt-br",
    "updated": 0
  }
]