[
  {
    "id": "4bf362bc-6f79-4a3d-97ab-4cae67cf87f5",
    "data": [
      {
        "text": "como estão os ",
        "userDefined": false
      },
      {
        "text": "esportes",
        "userDefined": false
      },
      {
        "text": " ",
        "userDefined": false
      },
      {
        "text": "hoje",
        "userDefined": false
      },
      {
        "text": "?",
        "userDefined": false
      }
    ],
    "isTemplate": false,
    "count": 0,
    "lang": "pt-br",
    "updated": 0
  },
  {
    "id": "1a2c291f-0103-4eab-b7b6-aa3ae7c4f10a",
    "data": [
      {
        "text": "noticias sobre ",
        "userDefined": false
      },
      {
        "text": "esportes",
        "userDefined": false
      }
    ],
    "isTemplate": false,
    "count": 0,
    "lang": "pt-br",
    "updated": 0
  },
  {
    "id": "344a9726-a802-49fd-985e-ea130c6bdfe8",
    "data": [
      {
        "text": "me ",
        "userDefined": false
      },
      {
        "text": "conte",
        "userDefined": false
      },
      {
        "text": " sobre ",
        "userDefined": false
      },
      {
        "text": "esportes",
        "userDefined": false
      }
    ],
    "isTemplate": false,
    "count": 0,
    "lang": "pt-br",
    "updated": 0
  },
  {
    "id": "7e316f66-0a66-469c-9619-5b89f88011fb",
    "data": [
      {
        "text": "esportes",
        "userDefined": false
      }
    ],
    "isTemplate": false,
    "count": 0,
    "lang": "pt-br",
    "updated": 0
  }
]