[
  {
    "id": "fa05f3ba-5309-4405-bb96-cae4527f2270",
    "data": [
      {
        "text": "me ",
        "userDefined": false
      },
      {
        "text": "conte",
        "userDefined": false
      },
      {
        "text": " sobre politica",
        "userDefined": false
      }
    ],
    "isTemplate": false,
    "count": 0,
    "lang": "pt-br",
    "updated": 0
  },
  {
    "id": "58bab772-e6ad-4dd7-8065-5c32987b32d0",
    "data": [
      {
        "text": "noticias de politica",
        "userDefined": false
      }
    ],
    "isTemplate": false,
    "count": 0,
    "lang": "pt-br",
    "updated": 0
  },
  {
    "id": "9a86d5a0-af37-48a4-b971-2f8fdd5db056",
    "data": [
      {
        "text": "politica",
        "userDefined": false
      }
    ],
    "isTemplate": false,
    "count": 0,
    "lang": "pt-br",
    "updated": 0
  },
  {
    "id": "8793ea2d-4df2-45f2-a155-9eeed89302cd",
    "data": [
      {
        "text": "politica no ",
        "userDefined": false
      },
      {
        "text": "brasil",
        "userDefined": false
      }
    ],
    "isTemplate": false,
    "count": 0,
    "lang": "pt-br",
    "updated": 0
  },
  {
    "id": "bd383a06-08a0-4f6e-b44d-df98418378cb",
    "data": [
      {
        "text": "como estão as politicas ",
        "userDefined": false
      },
      {
        "text": "hoje",
        "userDefined": false
      },
      {
        "text": "?",
        "userDefined": false
      }
    ],
    "isTemplate": false,
    "count": 0,
    "lang": "pt-br",
    "updated": 0
  },
  {
    "id": "90beccdd-c8d7-4f40-90bf-3e3c3248813f",
    "data": [
      {
        "text": "resultado eleições",
        "userDefined": false
      }
    ],
    "isTemplate": false,
    "count": 0,
    "lang": "pt-br",
    "updated": 0
  },
  {
    "id": "a2d804cf-37f4-4d6e-82c4-75ac894708d4",
    "data": [
      {
        "text": "eleicões",
        "userDefined": false
      }
    ],
    "isTemplate": false,
    "count": 0,
    "lang": "pt-br",
    "updated": 0
  },
  {
    "id": "9e673083-83f4-4195-bfc5-13543745aed0",
    "data": [
      {
        "text": "bolsonaro",
        "userDefined": false
      }
    ],
    "isTemplate": false,
    "count": 0,
    "lang": "pt-br",
    "updated": 0
  },
  {
    "id": "7f19b835-741d-4b61-aeb9-ffd00e92617d",
    "data": [
      {
        "text": "lula",
        "userDefined": false
      }
    ],
    "isTemplate": false,
    "count": 0,
    "lang": "pt-br",
    "updated": 0
  }
]